Feeder_P1_C1,pi@10.76.0.101
Puzzle_P1_C1,pi@10.76.0.102
Wormpt_P1_C1,pi@10.76.0.103
Feeder_P2_C3,pi@10.76.0.104
Puzzle_P2_C3,pi@10.76.0.105
Wormpt_P2_C3,pi@10.76.0.106
Feeder_P3_C5,pi@10.76.0.107
Puzzle_P3_C5,pi@10.76.0.108
Wormpt_P3_C5,pi@10.76.0.109
Feeder_P4_C7,pi@10.76.0.110
Puzzle_P4_C7,pi@10.76.0.111
Wormpt_P4_C7,pi@10.76.0.112
Feeder_P5_C9,pi@10.76.0.113
Puzzle_P5_C9,pi@10.76.0.114
Wormpt_P5_C9,pi@10.76.0.115
Feeder_P6_D1,pi@10.76.0.201
Puzzle_P6_D1,pi@10.76.0.202
Wormpt_P6_D1,pi@10.76.0.203
Feeder_P7_D3,pi@10.76.0.207
Puzzle_P7_D3,pi@10.76.0.208
Wormpt_P7_D3,pi@10.76.0.209
